{"loss":1.8072084188461304,"_wandb":{"runtime":27626},"lr":5.000015650154206e-06,"epoch_Time":0,"_timestamp":1.7454299024339867e+09,"_runtime":27615.265800481,"_step":842}