{"loss":3.1385116577148438,"lr":5.480286753286195e-05,"epoch_Time":0,"_timestamp":1.7455139182036984e+09,"_runtime":7.477887652,"_step":2,"_wandb":{"runtime":9}}