{"_wandb":{"runtime":28},"lr":5.0493317892932116e-06,"epoch_Time":0,"_timestamp":1.7453701349052608e+09,"_runtime":28.014912638,"_step":49,"loss":2.270507335662842}