{"_runtime":11780.105500892,"_step":259,"_wandb":{"runtime":11806},"loss":0.49396374821662903,"lr":1.0001278612527728e-09,"epoch_Time":0,"_timestamp":1.7453494659754486e+09}