{"_timestamp":1.7454690520864863e+09,"_runtime":7062.062861446,"_step":220,"loss":2.5033981800079346,"lr":5.001619522198612e-05,"_wandb":{"runtime":7087},"epoch_Time":0}