{"_step":0,"loss":3.36879563331604,"lr":5.5e-05,"epoch_Time":0,"_wandb":{"runtime":2},"_timestamp":1.7453700067001493e+09,"_runtime":2.36028488}