{"loss":0.6360018253326416,"lr":1.0001278612527728e-09,"epoch_Time":0,"_wandb":{"runtime":11830},"_timestamp":1.7455106171260452e+09,"_runtime":11804.29650403,"_step":259}