{"loss":2.5097432136535645,"_wandb":{"runtime":7009},"lr":5.001619522198612e-05,"epoch_Time":0,"_timestamp":1.7453293415107572e+09,"_runtime":6984.767776365,"_step":220}