{"_wandb":{"runtime":333},"_runtime":327.276236365,"_step":49,"loss":2.2351458072662354,"lr":5.0493317892932116e-06,"epoch_Time":0,"_timestamp":1.7455443704286532e+09}