{"lr":1.000000174708673e-07,"epoch_Time":0,"_wandb":{"runtime":2292},"_timestamp":1.745377423779554e+09,"_runtime":2292.198186278,"_step":11883,"loss":2.191551685333252}