{"_wandb":{"runtime":165},"_step":49,"loss":2.59661602973938,"lr":5.0493317892932116e-06,"epoch_Time":0,"_timestamp":1.7455114071901555e+09,"_runtime":161.491926408}