{"lr":5.0493317892932116e-06,"epoch_Time":0,"_timestamp":1.7455125068379962e+09,"_runtime":162.199201313,"_step":49,"_wandb":{"runtime":166},"loss":2.5966949462890625}