{"lr":1.000000174708673e-07,"epoch_Time":0,"_timestamp":1.7453734910935857e+09,"_runtime":2269.304289138,"_step":11883,"_wandb":{"runtime":2269},"loss":2.1920597553253174}