{"epoch_Time":0,"_timestamp":1.7454595303179965e+09,"_runtime":2261.451932207,"_step":11883,"loss":2.1915605068206787,"_wandb":{"runtime":2262},"lr":1.000000174708673e-07}