{"_wandb":{"runtime":23},"_runtime":17.592774007,"_step":1,"loss":3.034665822982788,"lr":5.495066821070679e-05,"epoch_Time":0,"_timestamp":1.745513886915497e+09}