{"_timestamp":1.7455473565405152e+09,"_runtime":2274.702101376,"_step":11883,"_wandb":{"runtime":2275},"loss":1.8974254131317139,"lr":1.000000174708673e-07,"epoch_Time":0}