{"epoch_Time":0,"_wandb":{"runtime":749},"_timestamp":1.7455146868677928e+09,"_runtime":734.023053166,"_step":49,"loss":2.5964741706848145,"lr":5.0493317892932116e-06}