{"_wandb":{"runtime":2268},"_step":11883,"loss":2.0905115604400635,"lr":1.000000174708673e-07,"epoch_Time":0,"_timestamp":1.7455176242823787e+09,"_runtime":2267.919409949}