{"loss":1.6843278408050537,"lr":5.00013661878662e-06,"epoch_Time":0,"_timestamp":1.7454979414380257e+09,"_wandb":{"runtime":21764},"_runtime":21740.704801896,"_step":655}