{"_runtime":750.931014803,"_wandb":{"runtime":751},"_step":3935,"loss":2.1161532402038574,"lr":8.53008268312459e-07,"epoch_Time":25,"_timestamp":1.7455137285258453e+09}