{"_wandb":{"runtime":28},"lr":5.0493317892932116e-06,"epoch_Time":0,"_timestamp":1.7453747144855819e+09,"_runtime":28.034323622,"_step":49,"loss":2.1453747749328613}