{"_timestamp":1.7453359263249633e+09,"_wandb":{"runtime":6179},"_runtime":6153.69706037,"_step":189,"loss":1.9492594003677368,"lr":5.002246648411553e-06,"epoch_Time":0}